Workbook

Sheet Raw_Data
A1: Household_ID | B1: Family_Size | C1: Monthly_Income | D1: Electricity_Usage (kWh) | E1: Gas_Usage | F1: Appliances_Count | G1: Month | H1: Income_Level
A2: H001 | B2: 7 | C2: 85318 | D2: 103 | E2: 105 | F2: 6 | G2: Mar | H2: =IF(C2<40000,"Low",IF(C2<=70000,"Middle","High"))
A3: H002 | B3: 4 | C3: 43664 | D3: 115 | E3: 79 | F3: 10 | G3: Feb | H3: =IF(C3<40000,"Low",IF(C3<=70000,"Middle","High"))
A4: H003 | B4: 5 | C4: 87172 | D4: 379 | E4: 158 | F4: 2 | G4: Feb | H4: =IF(C4<40000,"Low",IF(C4<=70000,"Middle","High"))
A5: H004 | B5: 7 | C5: 46736 | D5: 435 | E5: 54 | F5: 10 | G5: Jun | H5: =IF(C5<40000,"Low",IF(C5<=70000,"Middle","High"))
A6: H005 | B6: 3 | C6: 20854 | D6: 346 | E6: 168 | F6: 12 | G6: Dec | H6: =IF(C6<40000,"Low",IF(C6<=70000,"Middle","High"))
A7: H006 | B7: 5 | C7: 58623 | D7: 357 | E7: 82 | F7: 9 | G7: Jan | H7: =IF(C7<40000,"Low",IF(C7<=70000,"Middle","High"))
A8: H007 | B8: 5 | C8: 27392 | D8: 483 | E8: 167 | F8: 7 | G8: Feb | H8: =IF(C8<40000,"Low",IF(C8<=70000,"Middle","High"))
A9: H008 | B9: 7 | C9: 75680 | D9: 259 | E9: 114 | F9: 8 | G9: Jun | H9: =IF(C9<40000,"Low",IF(C9<=70000,"Middle","High"))
A10: H009 | B10: 2 | C10: 66717 | D10: 439 | E10: 195 | F10: 4 | G10: Mar | H10: =IF(C10<40000,"Low",IF(C10<=70000,"Middle","High"))
A11: H010 | B11: 3 | C11: 70859 | D11: 251 | E11: 60 | F11: 2 | G11: Apr | H11: =IF(C11<40000,"Low",IF(C11<=70000,"Middle","High"))
A12: H011 | B12: 7 | C12: 46309 | D12: 495 | E12: 134 | F12: 6 | G12: Jan | H12: =IF(C12<40000,"Low",IF(C12<=70000,"Middle","High"))
A13: H012 | B13: 3 | C13: 83734 | D13: 277 | E13: 75 | F13: 13 | G13: Aug | H13: =IF(C13<40000,"Low",IF(C13<=70000,"Middle","High"))
... A251: H250 | B251: 6 | C251: 29540 | D251: 109 | E251: 114 | F251: 2 | G251: Jul | H251: =IF(C251<40000,"Low",IF(C251<=70000,"Middle","High"))

Sheet Data_Check
F5: Data Quality Check | G5: Result
F6: Total Records | G6: 250
F7: Duplicate Records | G7: 0
F8: Quality Status | G8: =IF(AND(G6=250,G7=0,G9="Correct"),"PASS","REVIEW")
F9: Data Types | G9: Correct

Sheet Analysis
A3: Metric | B3: Value
A4: Total Households | B4: =COUNTA(Raw_Data!A2:A251)
A5: Average Family Size | B5: =AVERAGE(Raw_Data!B2:B251)
A6: Average Monthly Income | B6: =AVERAGE(Raw_Data!C2:C251)
A7: Average Electricity Usage | B7: =AVERAGE(Raw_Data!D2:D251)
A8: Average Gas Usage | B8: =AVERAGE(Raw_Data!E2:E251)
A9: Average Appliances | B9: =AVERAGE(Raw_Data!F2:F251)
A10: Maximum Electricity Usage | B10: =MAX(Raw_Data!D2:D251)
A11: Minimum Electricity Usage | B11: =MIN(Raw_Data!D2:D251)
A12: Total Electricity Usage | B12: =SUM(Raw_Data!D2:D251)
A13: Total Gas Usage | B13: =SUM(Raw_Data!E2:E251)

Sheet energy consumption patterns
A1: Monthly Electricity Consumption
A3: Month | B3: Average of Gas_Usage | C3: Average of Electricity_Usage (kWh)
A4: Jan | B4: 133.95652 | C4: 300.3913 | G4: Energy Consumption Patterns
A5: Feb | B5: 125.75 | C5: 349.16667
A6: Mar | B6: 119.95652 | C6: 271.47826 | D6: Electricity consumption varies across months. | G6: A | H6: B
A7: Apr | B7: 118.64286 | C7: 291.92857 | D7: February has the highest average electricity consumption at 349.17 kWh, | G7: Average Electricity Usage (kWh) | H7: =AVERAGE(Raw_Data!D2:D251)
A8: May | B8: 125.65217 | C8: 299.34783 | D8: while August has the lowest at 254.30 kWh. | G8: Maximum Electricity Usage (kWh) | H8: =MAX(Raw_Data!D2:D251)
A9: Jun | B9: 118.55 | C9: 339.2 | D9: June and October also show relatively high average consumption. | G9: Minimum Electricity Usage (kWh) | H9: =MIN(Raw_Data!D2:D251)
A10: Jul | B10: 122.04 | C10: 305.92 | G10: Total Electricity Usage (kWh) | H10: =SUM(Raw_Data!D2:D251)
A11: Aug | B11: 126.25 | C11: 254.3 | G11: Average Gas Usage | H11: =AVERAGE(Raw_Data!E2:E251)
A12: Sep | B12: 126.21053 | C12: 270.05263 | G12: Maximum Gas Usage | H12: =MAX(Raw_Data!E2:E251)
A13: Oct | B13: 119.22727 | C13: 340.18182 | G13: Minimum Gas Usage | H13: =MIN(Raw_Data!E2:E251)
A14: Nov | B14: 111.42105 | C14: 287.05263 | G14: Total Gas Usage | H14: =SUM(Raw_Data!E2:E251)
A15: Dec | B15: 129 | C15: 291.27778
A16: Grand Total | B16: 123.264 | C16: 301.34

Sheet types of households consume the
A1: Average Electricity Usage by Family Size | E1: Average Electricity Usage by Appliance Count
A3: Family size | B3: Average of Electricity_Usage (kWh) | E3: Appliances_Count | F3: Average of Electricity_Usage (kWh)
A4: 1 | B4: 283.19444 | E4: 2 | F4: 286.92
A5: 2 | B5: 309.23333 | E5: 3 | F5: 334.75
A6: 3 | B6: 330.625 | E6: 4 | F6: 299.05263
A7: 4 | B7: 277.44444 | E7: 5 | F7: 303.52632
A8: 5 | B8: 316.25 | E8: 6 | F8: 278.33333
A9: 6 | B9: 296.23529 | E9: 7 | F9: 339.04762
A10: 7 | B10: 307.46341 | E10: 8 | F10: 285.70588
A11: Grand Total | B11: 301.34 | E11: 9 | F11: 299.19231
E12: 10 | F12: 299.52632
A13: Average Electricity Usage by Income Level | E13: 11 | F13: 307.625
E14: 12 | F14: 304.90909
A15: Income_Level | B15: Average of Electricity_Usage (kWh) | E15: 13 | F15: 296.71429
A16: High | B16: 298.28571 | E16: 14 | F16: 295.78947
A17: Low | B17: 297.45588 | E17: Grand Total | F17: 301.34
A18: Middle | B18: 308.04762
A19: Grand Total | B19: 301.34
B23: Households with 7 appliances have the highest average electricity consumption at approximately 339.05 kWh.
B24: By family size, households with 3 family members have the highest average consumption at approximately 330.63 kWh.
B25: By income level, middle-income households have the highest average consumption at approximately 308.05 kWh.
B26: Overall, the appliance-count comparison shows the highest average electricity usage among the three factors analyzed.

Sheet energy-saving measures
A1: Energy-Saving Recommendations
A3: Energy-Saving Measures
A5: 1. Use energy-efficient appliances and replace outdated appliances when practical.
A6: 2. Switch off lights and appliances when they are not required.
A7: 3. Replace conventional bulbs with energy-efficient LED lighting.
A8: 4. Maintain appliances regularly, including cleaning AC filters.
A9: 5. Reduce unnecessary use of high-energy-consuming appliances.
A10: 6. Monitor monthly electricity consumption to identify unusual increases.
A13: Analysis-Based Recommendation
A15: Households with 7 appliances recorded the highest average electricity usage (339.05 kWh) in the analysis.
A16: These households should prioritize efficient appliance use, regular maintenance,
A17: reducing unnecessary usage, and monitoring electricity consumption.

Sheet Household Energy Consumption Da
A1: HOUSEHOLD ENERGY CONSUMPTION DASHBOARD
A3: Total Households | E3: Avg Electricity (kWh) | I3: Avg Appliances | M3: Avg Monthly Income
A4: =Analysis!B4 | E4: =Analysis!B7 | I4: =Analysis!B9 | M4: =Analysis!B6
F18: Average Electricity Usage by Income Level
I40: Key Insight
I41: The analysis shows the highest average electricity usage among households with 7 appliances (339.05 kWh), while February has the highest monthly average electricity usage (349.17 kWh).
I45: Recommendations
I46: Prioritize efficient appliance usage, regular maintenance, LED lighting, and monthly monitoring—especially for higher-consumption households.
